jahr,land,ort,vma_24h_eur,vma_an_abreise_8h_eur,uebernachtung_ag_pauschal_eur
2026,Ägypten,,50,33,112
2026,Äthiopien,,44,29,159
2026,Äquatorialguinea,,42,28,166
2026,Albanien,,33,22,116
2026,Algerien,,47,32,120
2026,Andorra,,45,30,135
2026,Angola,,40,27,368
2026,Argentinien,,42,28,119
2026,Armenien,,29,20,107
2026,Aserbaidschan,,44,29,88
2026,Australien,Canberra,74,49,186
2026,Australien,Sydney,57,38,173
2026,Australien,im Übrigen,57,38,173
2026,Bahrain,,48,32,153
2026,Bangladesch,,46,31,189
2026,Barbados,,54,36,206
2026,Belgien,,59,40,141
2026,Benin,,40,27,168
2026,Bhutan,,27,18,176
2026,Bolivien,,46,31,108
2026,Bosnien und Herzegowina,,32,21,109
2026,Botsuana,,40,27,105
2026,Brasilien,Brasilia,51,34,88
2026,Brasilien,Rio de Janeiro,69,46,140
2026,Brasilien,Sao Paulo,46,31,151
2026,Brasilien,im Übrigen,46,31,88
2026,Brunei,,45,30,110
2026,Bulgarien,,38,25,109
2026,Burkina Faso,,39,26,230
2026,Burundi,,58,39,102
2026,Chile,,44,29,154
2026,China,Hongkong,83,56,209
2026,China,Peking,57,38,184
2026,China,Shanghai,48,32,142
2026,China,im Übrigen,48,32,142
2026,Costa Rica,,60,40,127
2026,Côte d’Ivoire,,60,40,171
2026,Dänemark,,75,50,183
2026,Dominikanische Republik,,50,33,167
2026,Dschibuti,,77,52,255
2026,Ecuador,,27,18,103
2026,El Salvador,,65,44,161
2026,Eritrea,,46,31,78
2026,Estland,,39,26,125
2026,Fidschi,,32,21,183
2026,Finnland,,54,36,171
2026,Frankreich,"Paris sowie die Departments 77, 78, 91 bis 95",58,39,159
2026,Frankreich,im Übrigen,53,36,105
2026,Gabun,,64,43,263
2026,Gambia,,40,27,161
2026,Georgien,,45,30,87
2026,Ghana,,46,31,203
2026,Griechenland,Athen,40,27,139
2026,Griechenland,im Übrigen,36,24,150
2026,Guatemala,,46,31,124
2026,Guinea,,59,40,140
2026,Guinea-Bissau,,32,21,113
2026,Honduras,,57,38,198
2026,Indien,Bangalore,42,28,155
2026,Indien,Chennai,22,15,80
2026,Indien,Kalkutta,32,21,167
2026,Indien,Mumbai,53,36,218
2026,Indien,Neu Delhi,46,31,211
2026,Indien,im Übrigen,22,15,80
2026,Indonesien,,45,30,179
2026,Iran,,33,22,196
2026,Irland,,64,43,164
2026,Island,,62,41,187
2026,Israel,,59,40,268
2026,Italien,Mailand,42,28,191
2026,Italien,Rom,48,32,150
2026,Italien,im Übrigen,42,28,150
2026,Jamaika,,39,26,171
2026,Japan,Tokio,50,33,285
2026,Japan,Osaka,33,22,141
2026,Japan,im Übrigen,33,22,141
2026,Jordanien,,57,38,134
2026,Kambodscha,,42,28,108
2026,Kamerun,,56,37,275
2026,Kanada,Ottawa,62,41,214
2026,Kanada,Toronto,54,36,392
2026,Kanada,Vancouver,63,42,304
2026,Kanada,im Übrigen,54,36,214
2026,Kap Verde,,38,25,90
2026,Kasachstan,,33,22,108
2026,Katar,,81,54,128
2026,Kenia,,48,32,217
2026,Kirgisistan,,35,24,80
2026,Kolumbien,,34,23,123
2026,"Kongo, Republik",,53,36,215
2026,"Kongo, Demokratische Republik",,65,44,337
2026,"Korea, Republik",,39,26,130
2026,Kosovo,,24,16,71
2026,Kroatien,,46,31,191
2026,Kuba,,51,34,170
2026,Kuwait,,63,42,224
2026,Laos,,35,24,71
2026,Lesotho,,28,19,104
2026,Lettland,,46,31,119
2026,Libanon,,69,46,146
2026,Liberia,,65,44,173
2026,Liechtenstein,,57,38,234
2026,Litauen,,48,32,124
2026,Luxemburg,,63,42,139
2026,Madagaskar,,33,22,116
2026,Malawi,,41,28,109
2026,Malaysia,,36,24,86
2026,Malediven,,70,47,200
2026,Mali,,42,28,141
2026,Malta,,59,40,191
2026,Marokko,,41,28,87
2026,Marshall Inseln,,45,30,112
2026,Mauretanien,,35,24,86
2026,Mauritius,,44,29,172
2026,Mexiko,,40,27,337
2026,"Moldau, Republik",,26,17,73
2026,Monaco,,52,35,187
2026,Mongolei,,23,16,92
2026,Montenegro,,32,21,85
2026,Mosambik,,51,34,208
2026,Myanmar,,23,16,103
2026,Namibia,,28,19,146
2026,Nepal,,33,22,125
2026,Neuseeland,,58,39,148
2026,Nicaragua,,46,31,105
2026,Niederlande,,58,39,167
2026,Niger,,42,28,131
2026,Nigeria,,52,35,202
2026,Nordmazedonien,,27,18,89
2026,Norwegen,,75,50,139
2026,Österreich,,50,33,117
2026,Oman,,64,43,141
2026,Pakistan,,41,28,199
2026,Palau,,51,34,193
2026,Panama,,41,28,82
2026,Papua-Neuguinea,,59,40,159
2026,Paraguay,,39,26,124
2026,Peru,,52,35,128
2026,Philippinen,,41,28,140
2026,Polen,Breslau,34,23,124
2026,Polen,Warschau,40,27,143
2026,Polen,im Übrigen,34,23,124
2026,Portugal,,32,21,111
2026,Ruanda,,44,29,117
2026,Rumänien,,38,25,103
2026,Russische Föderation,Moskau,30,20,235
2026,Russische Föderation,St. Petersburg,28,19,133
2026,Russische Föderation,im Übrigen,28,19,133
2026,Sambia,,38,25,105
2026,Samoa,,39,26,105
2026,San Marino,,34,23,79
2026,São Tomé – Príncipe,,36,24,147
2026,Saudi-Arabien,Djidda,57,38,181
2026,Saudi-Arabien,Riad,56,37,186
2026,Saudi-Arabien,im Übrigen,56,37,181
2026,Schweden,,66,44,140
2026,Schweiz,Bern,82,55,195
2026,Schweiz,Genf,70,47,197
2026,Schweiz,im Übrigen,70,47,195
2026,Senegal,,48,32,160
2026,Serbien,,27,18,97
2026,Sierra Leone,,57,38,145
2026,Simbabwe,,63,42,198
2026,Singapur,,71,48,277
2026,Slowakische Republik,,33,22,121
2026,Slowenien,,38,25,126
2026,Spanien,Barcelona,34,23,144
2026,Spanien,Kanarische Inseln,36,24,103
2026,Spanien,Madrid,42,28,131
2026,Spanien,Palma de Mallorca,44,29,142
2026,Spanien,im Übrigen,34,23,103
2026,Sri Lanka,,36,24,112
2026,Südafrika,Kapstadt,33,22,130
2026,Südafrika,Johannesburg,36,24,129
2026,Südafrika,im Übrigen,29,20,109
2026,Südsudan,,51,34,159
2026,Tadschikistan,,27,18,85
2026,Taiwan,,51,34,174
2026,Tansania,,44,29,97
2026,Thailand,,36,24,114
2026,Togo,,36,24,144
2026,Tonga,,29,20,102
2026,Trinidad und Tobago,,66,44,203
2026,Tschad,,42,28,155
2026,Tschechische Republik,,32,21,77
2026,Türkei,Ankara,32,21,110
2026,Türkei,Izmir,44,29,120
2026,Türkei,im Übrigen,24,16,107
2026,Tunesien,,40,27,144
2026,Turkmenistan,,28,19,135
2026,Uganda,,45,30,207
2026,Ukraine,,33,22,180
2026,Ungarn,,32,21,85
2026,Uruguay,,40,27,113
2026,Usbekistan,,32,21,133
2026,Vatikanstaat,,48,32,150
2026,Venezuela,,51,34,178
2026,Vereinigte Arabische Emirate,,81,54,169
2026,Vereinigte Staaten von Amerika (USA),Atlanta,77,52,182
2026,Vereinigte Staaten von Amerika (USA),Boston,63,42,333
2026,Vereinigte Staaten von Amerika (USA),Chicago,65,44,233
2026,Vereinigte Staaten von Amerika (USA),Houston,62,41,204
2026,Vereinigte Staaten von Amerika (USA),Los Angeles,64,43,262
2026,Vereinigte Staaten von Amerika (USA),Miami,65,44,256
2026,Vereinigte Staaten von Amerika (USA),New York City,66,44,308
2026,Vereinigte Staaten von Amerika (USA),San Francisco,59,40,327
2026,Vereinigte Staaten von Amerika (USA),"Washington, D. C.",66,44,203
2026,Vereinigte Staaten von Amerika (USA),im Übrigen,59,40,182
2026,Vereinigtes Königreich von Großbritannien und Nordirland,London,66,44,163
2026,Vereinigtes Königreich von Großbritannien und Nordirland,im Übrigen,52,35,99
2026,Vietnam,,36,24,111
2026,Weißrussland,,21,14,148
2026,Zentralafrikanische Republik,,53,36,210
2026,Zypern,,42,28,125
