bmf_name,land_iso
Afghanistan,AF
Albanien,AL
Algerien,DZ
Andorra,AD
Angola,AO
Argentinien,AR
Armenien,AM
Aserbaidschan,AZ
Australien,AU
Bahrain,BH
Bangladesch,BD
Barbados,BB
Belgien,BE
Benin,BJ
Bhutan,BT
Bolivien,BO
Bosnien und Herzegowina,BA
Botsuana,BW
Brasilien,BR
Brunei,BN
Bulgarien,BG
Burkina Faso,BF
Burundi,BI
Chile,CL
China,CN
Costa Rica,CR
Côte d’Ivoire,CI
Dominikanische Republik,DO
Dschibuti,DJ
Dänemark,DK
Ecuador,EC
El Salvador,SV
Eritrea,ER
Estland,EE
Fidschi,FJ
Finnland,FI
Frankreich,FR
Gabun,GA
Gambia,GM
Georgien,GE
Ghana,GH
Griechenland,GR
Guatemala,GT
Guinea,GN
Guinea-Bissau,GW
Haiti,HT
Honduras,HN
Indien,IN
Indonesien,ID
Iran,IR
Irland,IE
Island,IS
Israel,IL
Italien,IT
Jamaika,JM
Japan,JP
Jemen,YE
Jordanien,JO
Kambodscha,KH
Kamerun,CM
Kanada,CA
Kap Verde,CV
Kasachstan,KZ
Katar,QA
Kenia,KE
Kirgisistan,KG
Kolumbien,CO
"Kongo, Demokratische Republik",CD
"Kongo, Republik",CG
"Korea, Demokratische Volksrepublik",KP
"Korea, Republik",KR
Kosovo,XK
Kroatien,HR
Kuba,CU
Kuwait,KW
Laos,LA
Lesotho,LS
Lettland,LV
Libanon,LB
Liberia,LR
Libyen,LY
Liechtenstein,LI
Litauen,LT
Luxemburg,LU
Madagaskar,MG
Malawi,MW
Malaysia,MY
Malediven,MV
Mali,ML
Malta,MT
Marokko,MA
Marshall Inseln,MH
Mauretanien,MR
Mauritius,MU
Mexiko,MX
"Moldau, Republik",MD
Monaco,MC
Mongolei,MN
Montenegro,ME
Mosambik,MZ
Myanmar,MM
Namibia,NA
Nepal,NP
Neuseeland,NZ
Nicaragua,NI
Niederlande,NL
Niger,NE
Nigeria,NG
Nordmazedonien,MK
Norwegen,NO
Oman,OM
Pakistan,PK
Palau,PW
Panama,PA
Papua-Neuguinea,PG
Paraguay,PY
Peru,PE
Philippinen,PH
Polen,PL
Portugal,PT
Ruanda,RW
Rumänien,RO
Russische Föderation,RU
Sambia,ZM
Samoa,WS
San Marino,SM
Saudi-Arabien,SA
Schweden,SE
Schweiz,CH
Senegal,SN
Serbien,RS
Sierra Leone,SL
Simbabwe,ZW
Singapur,SG
Slowakische Republik,SK
Slowenien,SI
Spanien,ES
Sri Lanka,LK
Sudan,SD
Syrien,SY
São Tomé – Príncipe,ST
Südafrika,ZA
Südsudan,SS
Tadschikistan,TJ
Taiwan,TW
Tansania,TZ
Thailand,TH
Togo,TG
Tonga,TO
Trinidad und Tobago,TT
Tschad,TD
Tschechische Republik,CZ
Tunesien,TN
Turkmenistan,TM
Türkei,TR
Uganda,UG
Ukraine,UA
Ungarn,HU
Uruguay,UY
Usbekistan,UZ
Vatikanstaat,VA
Venezuela,VE
Vereinigte Arabische Emirate,AE
Vereinigte Staaten von Amerika (USA),US
Vereinigtes Königreich von Großbritannien und Nordirland,GB
Vietnam,VN
Weißrussland,BY
Zentralafrikanische Republik,CF
Zypern,CY
Ägypten,EG
Äquatorialguinea,GQ
Äthiopien,ET
Österreich,AT
